{"cameraMode":{"drawMode":0,"name":"Shaded","section":"Shading Mode"},"sceneLighting":true,"audioPlay":false,"sceneViewState":{"m_AlwaysRefresh":false,"showFog":true,"showSkybox":true,"showFlares":true,"showImageEffects":true,"showParticleSystems":true,"showVisualEffectGraphs":true,"m_FxEnabled":true},"in2DMode":false,"pivot":{"x":-0.9139291048049927,"y":0.411284863948822,"z":0.010795526206493378},"rotation":{"x":0.20600201189517976,"y":-0.5883658528327942,"z":0.15827436745166779,"w":0.7656668424606323},"size":0.8218085169792175,"orthographic":false}